rank,rank_change,TEAM_NAME,conf,W,L,rating,pace_82,preseason_rank,change_since_preseason
1,,Oklahoma City Thunder,West,0,0,6.6,58.1,1,0.0
2,,San Antonio Spurs,West,0,0,4.7,53.5,2,0.0
3,,Houston Rockets,West,0,0,4.3,52.5,3,0.0
4,,Boston Celtics,East,0,0,4.3,52.5,4,0.0
5,,Denver Nuggets,West,0,0,4.0,51.7,5,0.0
6,,Cleveland Cavaliers,East,0,0,2.9,48.8,6,0.0
7,,New York Knicks,East,0,0,2.4,47.5,7,0.0
8,,Philadelphia 76ers,East,0,0,2.3,47.2,8,0.0
9,,Toronto Raptors,East,0,0,2.2,47.0,9,0.0
10,,Detroit Pistons,East,0,0,1.8,45.9,10,0.0
11,,Orlando Magic,East,0,0,1.4,44.8,11,0.0
12,,Los Angeles Lakers,West,0,0,1.4,44.8,12,0.0
13,,Golden State Warriors,West,0,0,1.3,44.5,13,0.0
14,,Portland Trail Blazers,West,0,0,0.9,43.5,14,0.0
15,,Charlotte Hornets,East,0,0,0.7,42.9,15,0.0
16,,Minnesota Timberwolves,West,0,0,0.4,42.1,16,0.0
17,,Miami Heat,East,0,0,-0.2,40.5,17,0.0
18,,Phoenix Suns,West,0,0,-0.3,40.2,18,0.0
19,,Atlanta Hawks,East,0,0,-0.5,39.6,19,0.0
20,,Dallas Mavericks,West,0,0,-0.8,38.8,20,0.0
21,,Indiana Pacers,East,0,0,-1.9,35.8,21,0.0
22,,New Orleans Pelicans,West,0,0,-2.3,34.8,22,0.0
23,,Chicago Bulls,East,0,0,-3.0,32.9,23,0.0
24,,LA Clippers,West,0,0,-3.4,31.9,24,0.0
25,,Milwaukee Bucks,East,0,0,-3.7,31.1,25,0.0
26,,Memphis Grizzlies,West,0,0,-4.0,30.3,26,0.0
27,,Utah Jazz,West,0,0,-4.1,30.0,27,0.0
28,,Brooklyn Nets,East,0,0,-5.4,26.8,28,0.0
29,,Washington Wizards,East,0,0,-5.5,26.5,29,0.0
30,,Sacramento Kings,West,0,0,-6.4,24.3,30,0.0
