rank,TEAM_NAME,conf,W,L,rating,as_of
1,Oklahoma City Thunder,West,0,0,6.6,2026-10-01
2,San Antonio Spurs,West,0,0,4.7,2026-10-01
3,Houston Rockets,West,0,0,4.3,2026-10-01
4,Boston Celtics,East,0,0,4.3,2026-10-01
5,Denver Nuggets,West,0,0,4.0,2026-10-01
6,Cleveland Cavaliers,East,0,0,2.9,2026-10-01
7,New York Knicks,East,0,0,2.4,2026-10-01
8,Philadelphia 76ers,East,0,0,2.3,2026-10-01
9,Toronto Raptors,East,0,0,2.2,2026-10-01
10,Detroit Pistons,East,0,0,1.8,2026-10-01
11,Orlando Magic,East,0,0,1.4,2026-10-01
12,Los Angeles Lakers,West,0,0,1.4,2026-10-01
13,Golden State Warriors,West,0,0,1.3,2026-10-01
14,Portland Trail Blazers,West,0,0,0.9,2026-10-01
15,Charlotte Hornets,East,0,0,0.7,2026-10-01
16,Minnesota Timberwolves,West,0,0,0.4,2026-10-01
17,Miami Heat,East,0,0,-0.2,2026-10-01
18,Phoenix Suns,West,0,0,-0.3,2026-10-01
19,Atlanta Hawks,East,0,0,-0.5,2026-10-01
20,Dallas Mavericks,West,0,0,-0.8,2026-10-01
21,Indiana Pacers,East,0,0,-1.9,2026-10-01
22,New Orleans Pelicans,West,0,0,-2.3,2026-10-01
23,Chicago Bulls,East,0,0,-3.0,2026-10-01
24,LA Clippers,West,0,0,-3.4,2026-10-01
25,Milwaukee Bucks,East,0,0,-3.7,2026-10-01
26,Memphis Grizzlies,West,0,0,-4.0,2026-10-01
27,Utah Jazz,West,0,0,-4.1,2026-10-01
28,Brooklyn Nets,East,0,0,-5.4,2026-10-01
29,Washington Wizards,East,0,0,-5.5,2026-10-01
30,Sacramento Kings,West,0,0,-6.4,2026-10-01
