TEAM_NAME,2025-26 wins,A,B,average_50_50,tuned_75pct_B,A_minus_B
Oklahoma City Thunder,64.0,53.3,60.5,56.9,58.7,-7.2
San Antonio Spurs,62.0,56.5,52.6,54.6,53.6,3.9
Houston Rockets,52.0,51.0,53.1,52.1,52.6,-2.1
Boston Celtics,56.0,53.6,52.2,52.9,52.5,1.4
Denver Nuggets,54.0,47.6,53.0,50.3,51.7,-5.4
Cleveland Cavaliers,52.0,46.7,49.6,48.2,48.9,-2.9
New York Knicks,53.0,55.5,45.0,50.3,47.6,10.5
Philadelphia 76ers,45.0,37.2,50.3,43.8,47.1,-13.1
Toronto Raptors,46.0,43.5,48.1,45.8,46.9,-4.6
Detroit Pistons,60.0,51.6,43.9,47.8,45.9,7.7
Orlando Magic,45.0,46.3,44.4,45.3,44.9,1.8
Los Angeles Lakers,53.0,35.1,47.9,41.5,44.7,-12.8
Golden State Warriors,37.0,46.0,43.9,44.9,44.4,2.1
Portland Trail Blazers,42.0,40.0,44.5,42.3,43.4,-4.5
Charlotte Hornets,44.0,44.9,42.4,43.7,43.0,2.5
Minnesota Timberwolves,49.0,42.7,42.1,42.4,42.2,0.7
Miami Heat,43.0,44.0,39.2,41.6,40.4,4.8
Phoenix Suns,45.0,43.7,38.9,41.3,40.1,4.9
Atlanta Hawks,46.0,44.5,38.1,41.3,39.7,6.4
Dallas Mavericks,26.0,30.6,41.5,36.1,38.8,-10.9
Indiana Pacers,19.0,35.0,36.3,35.7,36.0,-1.3
New Orleans Pelicans,26.0,36.8,34.3,35.5,34.9,2.5
Chicago Bulls,31.0,31.4,33.2,32.3,32.8,-1.8
LA Clippers,42.0,40.8,29.0,34.9,31.9,11.8
Milwaukee Bucks,32.0,32.8,30.5,31.6,31.1,2.3
Memphis Grizzlies,25.0,30.8,30.1,30.4,30.3,0.7
Utah Jazz,22.0,28.3,30.4,29.3,29.9,-2.1
Brooklyn Nets,20.0,26.1,26.4,26.3,26.4,-0.3
Washington Wizards,17.0,25.7,26.3,26.0,26.1,-0.5
Sacramento Kings,22.0,27.7,22.3,25.0,23.6,5.4
