TEAM_NAME,projected_wins,prev_wins_82,prev_net_rating,returning_min_share,net_x_returning,roster_age
San Antonio Spurs,56.5,61.992,8.4,0.9475725589094651,7.9596094948395075,27.07819466010355
New York Knicks,55.5,52.972,6.4,0.8903851636596243,5.698465047421596,29.75198026715353
Boston Celtics,53.6,56.00600000000001,8.3,0.767871564271357,6.373333983452264,28.789767918927005
Oklahoma City Thunder,53.3,63.96,11.1,0.7332406263982998,8.138970953021127,26.33106683693845
Detroit Pistons,51.6,60.024,8.4,0.7630400203308725,6.4095361707793295,27.005513551147935
Houston Rockets,51.0,51.988,5.4,0.8412414803650674,4.542703993971364,27.976152960903107
Denver Nuggets,47.6,54.038000000000004,5.2,0.6329369464426178,3.2912721215016125,29.805346101512804
Cleveland Cavaliers,46.7,51.988,4.1,0.7115932963575712,2.9175325150660414,28.43248152715573
Orlando Magic,46.3,45.018,0.6,0.9406766581744829,0.5644059949046897,26.99133094113851
Golden State Warriors,46.0,36.982,-0.5,0.8461339561690161,-0.42306697808450805,29.915939828057436
Charlotte Hornets,44.9,44.034000000000006,4.9,0.6760070133539282,3.3124343654342483,26.73767831953115
Atlanta Hawks,44.5,46.002,2.2,0.7534789013453872,1.657653582959852,27.556226141755378
Miami Heat,44.0,42.968,2.1,0.6146944302652941,1.2908583035571177,30.169687405582852
Phoenix Suns,43.7,45.018,1.4,0.7615460747705002,1.0661645046787003,27.58229622192699
Toronto Raptors,43.5,46.002,2.9,0.6926042090053344,2.0085522061154695,27.224800515759057
Minnesota Timberwolves,42.7,49.036,3.1,0.6663807054813222,2.065780186992099,26.897361497057947
LA Clippers,40.8,41.984,1.1,0.591108982963933,0.6502198812603264,28.789261333895062
Portland Trail Blazers,40.0,41.984,-0.4,0.743215618117942,-0.29728624724717684,26.58384450086156
Philadelphia 76ers,37.2,45.018,-0.1,0.5483755380250565,-0.05483755380250565,27.718336804829033
New Orleans Pelicans,36.8,25.994,-4.4,0.8864375492946523,-3.9003252168964706,25.284674104435844
Los Angeles Lakers,35.1,52.972,1.5,0.41640796025432986,0.6246119403814948,26.98956947462304
Indiana Pacers,35.0,19.024,-7.8,0.8391819419480614,-6.545619147194879,28.355258978679505
Milwaukee Bucks,32.8,31.98,-6.1,0.7083241579538407,-4.320777363518428,26.871286338793333
Chicago Bulls,31.4,30.996,-5.3,0.6065792629521833,-3.2148700936465717,26.691200739460392
Memphis Grizzlies,30.8,25.009999999999998,-6.0,0.6887447687054179,-4.132468612232508,25.38195778172087
Dallas Mavericks,30.6,25.994,-5.2,0.6105804888164823,-3.175018541845708,25.79650143883706
Utah Jazz,28.3,21.976000000000003,-8.2,0.6922508484141703,-5.676456956996196,25.38781194743013
Sacramento Kings,27.7,21.976000000000003,-9.7,0.6537144874478908,-6.3410305282445405,27.10567834358062
Brooklyn Nets,26.1,20.008,-10.0,0.6792157739400131,-6.792157739400131,25.587197953912714
Washington Wizards,25.7,16.974,-11.8,0.7945603510965852,-9.375812142939706,25.24484936403901
