TEAM_NAME,projected_wins,prev_wins_82,team_rating,prev_net_rating
Oklahoma City Thunder,61.4,63.96,6.9318331550291195,11.1
San Antonio Spurs,53.8,61.992,3.731637176315309,8.4
Boston Celtics,53.4,56.00600000000001,3.555296352322574,8.3
Houston Rockets,53.1,51.988,3.927427389308122,5.4
Denver Nuggets,52.9,54.038000000000004,3.885287861894231,5.2
Cleveland Cavaliers,49.7,51.988,2.522925846073656,4.1
Philadelphia 76ers,48.7,45.018,2.8157719459550172,-0.1
Toronto Raptors,47.9,46.002,1.8969951650470327,2.9
Los Angeles Lakers,47.3,52.972,1.8269550095006861,1.5
New York Knicks,46.7,52.972,0.6488731377860371,6.4
Detroit Pistons,46.6,60.024,0.22649856014750308,8.4
Charlotte Hornets,44.1,44.034000000000006,-0.3796660701422647,4.9
Orlando Magic,44.0,45.018,0.4200285845657663,0.6
Portland Trail Blazers,43.7,41.984,0.4485507918815868,-0.4
Golden State Warriors,43.2,36.982,0.19907095384801932,-0.5
Minnesota Timberwolves,43.1,49.036,-0.5256200198683032,3.1
Miami Heat,40.3,42.968,-1.6750396001443926,2.1
Phoenix Suns,39.8,45.018,-1.8208860563127818,1.4
Atlanta Hawks,39.5,46.002,-2.1154874044932863,2.2
Dallas Mavericks,39.4,25.994,-0.7550284119115125,-5.2
Indiana Pacers,34.1,19.024,-2.850245221671913,-7.8
New Orleans Pelicans,33.7,25.994,-3.66333162220225,-4.4
Chicago Bulls,32.5,30.996,-4.105276664624009,-5.3
LA Clippers,31.5,41.984,-5.809003653701319,1.1
Milwaukee Bucks,29.9,31.98,-5.200214548032561,-6.1
Memphis Grizzlies,29.6,25.009999999999998,-5.366447607148128,-6.0
Utah Jazz,29.0,21.976000000000003,-5.246484758929148,-8.2
Brooklyn Nets,25.1,20.008,-6.8310319851461205,-10.0
Washington Wizards,24.3,16.974,-6.902899681887544,-11.8
Sacramento Kings,21.8,21.976000000000003,-8.51500795764515,-9.7
