TEAM_NAME,conf,preseason_proj,GP,W,L,rating,pace_82,mean_wins,p10_wins,p90_wins,top6_pct,playin_pct,playoffs_pct,round2_pct,conf_finals_pct,finals_pct,title_pct,most_likely_seed
Boston Celtics,East,52.5,0,0,0,4.3,,52.0,42.0,62.0,82.9,14.2,92.0,63.1,39.8,24.3,11.5,1
Cleveland Cavaliers,East,48.9,0,0,0,2.9,,48.6,38.0,59.0,71.1,22.8,84.6,49.2,26.6,14.1,5.9,1
New York Knicks,East,47.6,0,0,0,2.4,,46.9,36.0,57.0,63.5,27.0,79.0,43.4,22.3,10.9,4.5,2
Philadelphia 76ers,East,47.1,0,0,0,2.3,,46.7,36.0,57.0,63.1,27.3,79.2,42.8,21.4,10.3,3.7,3
Toronto Raptors,East,46.9,0,0,0,2.2,,46.5,36.0,57.0,62.5,27.6,78.2,42.3,21.1,10.1,4.0,3
Detroit Pistons,East,45.9,0,0,0,1.8,,45.6,35.0,56.0,56.6,31.4,73.7,38.9,19.0,9.1,3.5,3
Orlando Magic,East,44.9,0,0,0,1.4,,45.0,35.0,55.0,54.2,32.4,72.1,34.5,16.4,7.6,2.7,4
Charlotte Hornets,East,43.0,0,0,0,0.7,,42.9,32.0,54.0,43.7,35.9,62.3,27.6,12.2,5.4,1.7,7
Miami Heat,East,40.4,0,0,0,-0.2,,41.0,31.0,52.0,34.9,37.9,53.3,20.5,7.8,3.2,0.9,9
Atlanta Hawks,East,39.7,0,0,0,-0.5,,40.1,29.0,51.0,30.7,37.6,48.7,17.3,6.5,2.6,0.8,9
Indiana Pacers,East,36.0,0,0,0,-1.9,,36.2,26.0,47.0,16.7,33.6,30.3,9.4,3.7,1.2,0.4,12
Chicago Bulls,East,32.8,0,0,0,-3.0,,33.2,23.0,43.0,8.8,26.7,19.5,5.2,1.8,0.6,0.1,14
Milwaukee Bucks,East,31.1,0,0,0,-3.7,,32.1,22.0,42.0,7.3,23.1,15.6,3.6,1.0,0.4,0.1,13
Washington Wizards,East,26.1,0,0,0,-5.5,,27.4,18.0,37.0,2.0,11.5,5.7,1.0,0.2,0.1,0.0,15
Brooklyn Nets,East,26.4,0,0,0,-5.4,,27.3,18.0,37.0,2.1,11.0,5.9,1.2,0.3,0.0,0.0,15
Oklahoma City Thunder,West,58.7,0,0,0,6.6,,57.2,48.0,66.0,94.6,5.0,98.1,78.3,54.2,34.4,23.6,1
San Antonio Spurs,West,53.6,0,0,0,4.7,,53.0,43.0,62.0,85.9,12.3,93.8,63.5,35.9,18.3,11.2,2
Houston Rockets,West,52.6,0,0,0,4.3,,51.9,42.0,62.0,82.0,15.4,92.1,59.1,31.4,15.6,9.3,2
Denver Nuggets,West,51.7,0,0,0,4.0,,50.8,40.0,61.0,78.2,18.4,90.0,54.7,27.9,13.7,7.7,2
Golden State Warriors,West,44.4,0,0,0,1.3,,44.5,34.0,55.0,51.0,35.0,70.3,28.9,10.3,3.9,2.0,5
Los Angeles Lakers,West,44.7,0,0,0,1.4,,44.3,34.0,55.0,49.0,36.4,69.5,28.9,11.1,4.3,2.2,6
Portland Trail Blazers,West,43.4,0,0,0,0.9,,42.6,32.0,53.0,40.3,40.7,62.6,23.5,8.8,3.5,1.6,8
Minnesota Timberwolves,West,42.2,0,0,0,0.4,,41.8,31.0,52.0,36.5,41.6,58.0,20.9,7.6,2.7,1.0,8
Phoenix Suns,West,40.1,0,0,0,-0.3,,40.2,30.0,51.0,29.7,41.4,50.0,15.9,5.0,1.6,0.7,9
Dallas Mavericks,West,38.8,0,0,0,-0.8,,38.6,28.0,49.0,23.5,40.8,43.0,12.4,3.9,1.2,0.5,11
New Orleans Pelicans,West,34.9,0,0,0,-2.3,,35.2,25.0,46.0,12.7,35.2,27.6,6.2,1.8,0.5,0.2,12
LA Clippers,West,31.9,0,0,0,-3.4,,32.4,22.0,43.0,6.4,27.6,17.1,3.2,0.9,0.2,0.1,14
Memphis Grizzlies,West,30.3,0,0,0,-4.0,,30.9,21.0,41.0,5.2,22.3,13.6,2.4,0.6,0.1,0.0,14
Utah Jazz,West,29.9,0,0,0,-4.1,,30.2,20.0,40.0,4.2,20.0,11.3,1.8,0.4,0.0,0.0,14
Sacramento Kings,West,23.6,0,0,0,-6.4,,24.8,16.0,34.0,0.7,7.7,3.1,0.4,0.0,0.0,0.0,15
