snapshot_date,TEAM_NAME,conf,GP,W,L,pace_82,preseason_proj,mean_wins,p10_wins,p90_wins,playoffs_pct,title_pct,rating
2026-09-30,Boston Celtics,East,0,0,0,,52.5,52.0,42.0,62.0,92.0,11.5,4.3
2026-09-30,Cleveland Cavaliers,East,0,0,0,,48.9,48.6,38.0,59.0,84.6,5.9,2.9
2026-09-30,New York Knicks,East,0,0,0,,47.6,46.9,36.0,57.0,79.0,4.5,2.4
2026-09-30,Philadelphia 76ers,East,0,0,0,,47.1,46.7,36.0,57.0,79.2,3.7,2.3
2026-09-30,Toronto Raptors,East,0,0,0,,46.9,46.5,36.0,57.0,78.2,4.0,2.2
2026-09-30,Detroit Pistons,East,0,0,0,,45.9,45.6,35.0,56.0,73.7,3.5,1.8
2026-09-30,Orlando Magic,East,0,0,0,,44.9,45.0,35.0,55.0,72.1,2.7,1.4
2026-09-30,Charlotte Hornets,East,0,0,0,,43.0,42.9,32.0,54.0,62.3,1.7,0.7
2026-09-30,Miami Heat,East,0,0,0,,40.4,41.0,31.0,52.0,53.3,0.9,-0.2
2026-09-30,Atlanta Hawks,East,0,0,0,,39.7,40.1,29.0,51.0,48.7,0.8,-0.5
2026-09-30,Indiana Pacers,East,0,0,0,,36.0,36.2,26.0,47.0,30.3,0.4,-1.9
2026-09-30,Chicago Bulls,East,0,0,0,,32.8,33.2,23.0,43.0,19.5,0.1,-3.0
2026-09-30,Milwaukee Bucks,East,0,0,0,,31.1,32.1,22.0,42.0,15.6,0.1,-3.7
2026-09-30,Washington Wizards,East,0,0,0,,26.1,27.4,18.0,37.0,5.7,0.0,-5.5
2026-09-30,Brooklyn Nets,East,0,0,0,,26.4,27.3,18.0,37.0,5.9,0.0,-5.4
2026-09-30,Oklahoma City Thunder,West,0,0,0,,58.7,57.2,48.0,66.0,98.1,23.6,6.6
2026-09-30,San Antonio Spurs,West,0,0,0,,53.6,53.0,43.0,62.0,93.8,11.2,4.7
2026-09-30,Houston Rockets,West,0,0,0,,52.6,51.9,42.0,62.0,92.1,9.3,4.3
2026-09-30,Denver Nuggets,West,0,0,0,,51.7,50.8,40.0,61.0,90.0,7.7,4.0
2026-09-30,Golden State Warriors,West,0,0,0,,44.4,44.5,34.0,55.0,70.3,2.0,1.3
2026-09-30,Los Angeles Lakers,West,0,0,0,,44.7,44.3,34.0,55.0,69.5,2.2,1.4
2026-09-30,Portland Trail Blazers,West,0,0,0,,43.4,42.6,32.0,53.0,62.6,1.6,0.9
2026-09-30,Minnesota Timberwolves,West,0,0,0,,42.2,41.8,31.0,52.0,58.0,1.0,0.4
2026-09-30,Phoenix Suns,West,0,0,0,,40.1,40.2,30.0,51.0,50.0,0.7,-0.3
2026-09-30,Dallas Mavericks,West,0,0,0,,38.8,38.6,28.0,49.0,43.0,0.5,-0.8
2026-09-30,New Orleans Pelicans,West,0,0,0,,34.9,35.2,25.0,46.0,27.6,0.2,-2.3
2026-09-30,LA Clippers,West,0,0,0,,31.9,32.4,22.0,43.0,17.1,0.1,-3.4
2026-09-30,Memphis Grizzlies,West,0,0,0,,30.3,30.9,21.0,41.0,13.6,0.0,-4.0
2026-09-30,Utah Jazz,West,0,0,0,,29.9,30.2,20.0,40.0,11.3,0.0,-4.1
2026-09-30,Sacramento Kings,West,0,0,0,,23.6,24.8,16.0,34.0,3.1,0.0,-6.4
