TEAM_NAME,wins,pct
Oklahoma City Thunder,24,0.01
Oklahoma City Thunder,27,0.01
Oklahoma City Thunder,28,0.02
Oklahoma City Thunder,30,0.02
Oklahoma City Thunder,31,0.02
Oklahoma City Thunder,32,0.01
Oklahoma City Thunder,33,0.06
Oklahoma City Thunder,34,0.06
Oklahoma City Thunder,35,0.08
Oklahoma City Thunder,36,0.08
Oklahoma City Thunder,37,0.16
Oklahoma City Thunder,38,0.3
Oklahoma City Thunder,39,0.36
Oklahoma City Thunder,40,0.45999999999999996
Oklahoma City Thunder,41,0.48
Oklahoma City Thunder,42,0.7100000000000001
Oklahoma City Thunder,43,1.03
Oklahoma City Thunder,44,1.01
Oklahoma City Thunder,45,1.28
Oklahoma City Thunder,46,1.7500000000000002
Oklahoma City Thunder,47,1.9
Oklahoma City Thunder,48,2.19
Oklahoma City Thunder,49,2.67
Oklahoma City Thunder,50,3.2399999999999998
Oklahoma City Thunder,51,3.55
Oklahoma City Thunder,52,3.92
Oklahoma City Thunder,53,3.9899999999999998
Oklahoma City Thunder,54,4.42
Oklahoma City Thunder,55,4.9
Oklahoma City Thunder,56,5.319999999999999
Oklahoma City Thunder,57,4.93
Oklahoma City Thunder,58,5.36
Oklahoma City Thunder,59,5.56
Oklahoma City Thunder,60,5.46
Oklahoma City Thunder,61,5.57
Oklahoma City Thunder,62,4.97
Oklahoma City Thunder,63,4.08
Oklahoma City Thunder,64,4.1000000000000005
Oklahoma City Thunder,65,3.25
Oklahoma City Thunder,66,2.81
Oklahoma City Thunder,67,2.59
Oklahoma City Thunder,68,2.2399999999999998
Oklahoma City Thunder,69,1.6500000000000001
Oklahoma City Thunder,70,1.1400000000000001
Oklahoma City Thunder,71,0.86
Oklahoma City Thunder,72,0.52
Oklahoma City Thunder,73,0.38
Oklahoma City Thunder,74,0.25
Oklahoma City Thunder,75,0.16
Oklahoma City Thunder,76,0.06
Oklahoma City Thunder,77,0.03
Oklahoma City Thunder,78,0.02
San Antonio Spurs,17,0.01
San Antonio Spurs,20,0.01
San Antonio Spurs,24,0.01
San Antonio Spurs,25,0.01
San Antonio Spurs,26,0.06
San Antonio Spurs,27,0.03
San Antonio Spurs,28,0.08
San Antonio Spurs,29,0.1
San Antonio Spurs,30,0.08
San Antonio Spurs,31,0.13999999999999999
San Antonio Spurs,32,0.13999999999999999
San Antonio Spurs,33,0.22999999999999998
San Antonio Spurs,34,0.29
San Antonio Spurs,35,0.43
San Antonio Spurs,36,0.47000000000000003
San Antonio Spurs,37,0.54
San Antonio Spurs,38,0.8099999999999999
San Antonio Spurs,39,1.0
San Antonio Spurs,40,1.28
San Antonio Spurs,41,1.4000000000000001
San Antonio Spurs,42,1.83
San Antonio Spurs,43,2.39
San Antonio Spurs,44,2.3800000000000003
San Antonio Spurs,45,2.96
San Antonio Spurs,46,2.94
San Antonio Spurs,47,3.7800000000000002
San Antonio Spurs,48,3.66
San Antonio Spurs,49,4.07
San Antonio Spurs,50,4.66
San Antonio Spurs,51,4.73
San Antonio Spurs,52,5.11
San Antonio Spurs,53,4.97
San Antonio Spurs,54,5.43
San Antonio Spurs,55,4.8500000000000005
San Antonio Spurs,56,5.06
San Antonio Spurs,57,5.25
San Antonio Spurs,58,4.6899999999999995
San Antonio Spurs,59,3.9899999999999998
San Antonio Spurs,60,3.93
San Antonio Spurs,61,3.2300000000000004
San Antonio Spurs,62,3.1
San Antonio Spurs,63,2.08
San Antonio Spurs,64,2.15
San Antonio Spurs,65,1.6400000000000001
San Antonio Spurs,66,1.27
San Antonio Spurs,67,0.76
San Antonio Spurs,68,0.67
San Antonio Spurs,69,0.51
San Antonio Spurs,70,0.25
San Antonio Spurs,71,0.21
San Antonio Spurs,72,0.18
San Antonio Spurs,73,0.1
San Antonio Spurs,74,0.02
San Antonio Spurs,75,0.03
Houston Rockets,22,0.02
Houston Rockets,24,0.02
Houston Rockets,25,0.01
Houston Rockets,26,0.04
Houston Rockets,27,0.05
Houston Rockets,28,0.04
Houston Rockets,29,0.09
Houston Rockets,30,0.16999999999999998
Houston Rockets,31,0.22999999999999998
Houston Rockets,32,0.25
Houston Rockets,33,0.38
Houston Rockets,34,0.38999999999999996
Houston Rockets,35,0.59
Houston Rockets,36,0.76
Houston Rockets,37,0.84
Houston Rockets,38,1.16
Houston Rockets,39,1.21
Houston Rockets,40,1.63
Houston Rockets,41,1.8599999999999999
Houston Rockets,42,2.1999999999999997
Houston Rockets,43,2.6599999999999997
Houston Rockets,44,2.5700000000000003
Houston Rockets,45,3.4000000000000004
Houston Rockets,46,3.8
Houston Rockets,47,3.9
Houston Rockets,48,3.6900000000000004
Houston Rockets,49,4.67
Houston Rockets,50,4.7
Houston Rockets,51,4.87
Houston Rockets,52,5.27
Houston Rockets,53,5.140000000000001
Houston Rockets,54,5.01
Houston Rockets,55,4.78
Houston Rockets,56,4.859999999999999
Houston Rockets,57,4.07
Houston Rockets,58,4.43
Houston Rockets,59,3.36
Houston Rockets,60,3.2399999999999998
Houston Rockets,61,2.87
Houston Rockets,62,2.22
Houston Rockets,63,2.01
Houston Rockets,64,1.48
Houston Rockets,65,1.5699999999999998
Houston Rockets,66,1.08
Houston Rockets,67,0.8200000000000001
Houston Rockets,68,0.59
Houston Rockets,69,0.44
Houston Rockets,70,0.3
Houston Rockets,71,0.12
Houston Rockets,72,0.06999999999999999
Houston Rockets,73,0.03
Houston Rockets,74,0.03
Houston Rockets,75,0.01
Boston Celtics,23,0.02
Boston Celtics,24,0.01
Boston Celtics,25,0.03
Boston Celtics,26,0.01
Boston Celtics,27,0.06
Boston Celtics,28,0.06
Boston Celtics,29,0.11
Boston Celtics,30,0.13
Boston Celtics,31,0.18
Boston Celtics,32,0.27
Boston Celtics,33,0.37
Boston Celtics,34,0.37
Boston Celtics,35,0.5599999999999999
Boston Celtics,36,0.79
Boston Celtics,37,1.0
Boston Celtics,38,0.9900000000000001
Boston Celtics,39,1.22
Boston Celtics,40,1.59
Boston Celtics,41,1.8900000000000001
Boston Celtics,42,2.34
Boston Celtics,43,2.5
Boston Celtics,44,3.04
Boston Celtics,45,3.53
Boston Celtics,46,3.61
Boston Celtics,47,3.84
Boston Celtics,48,4.19
Boston Celtics,49,4.0
Boston Celtics,50,4.47
Boston Celtics,51,5.17
Boston Celtics,52,4.9799999999999995
Boston Celtics,53,4.82
Boston Celtics,54,4.569999999999999
Boston Celtics,55,5.140000000000001
Boston Celtics,56,4.68
Boston Celtics,57,4.22
Boston Celtics,58,4.1000000000000005
Boston Celtics,59,3.73
Boston Celtics,60,3.66
Boston Celtics,61,2.76
Boston Celtics,62,2.26
Boston Celtics,63,2.07
Boston Celtics,64,1.51
Boston Celtics,65,1.37
Boston Celtics,66,1.1400000000000001
Boston Celtics,67,0.8099999999999999
Boston Celtics,68,0.58
Boston Celtics,69,0.54
Boston Celtics,70,0.26
Boston Celtics,71,0.22
Boston Celtics,72,0.09
Boston Celtics,73,0.08
Boston Celtics,74,0.03
Boston Celtics,75,0.02
Boston Celtics,76,0.01
Denver Nuggets,23,0.02
Denver Nuggets,25,0.04
Denver Nuggets,26,0.09
Denver Nuggets,27,0.08
Denver Nuggets,28,0.18
Denver Nuggets,29,0.04
Denver Nuggets,30,0.16999999999999998
Denver Nuggets,31,0.18
Denver Nuggets,32,0.29
Denver Nuggets,33,0.44999999999999996
Denver Nuggets,34,0.54
Denver Nuggets,35,0.67
Denver Nuggets,36,0.9400000000000001
Denver Nuggets,37,1.11
Denver Nuggets,38,1.44
Denver Nuggets,39,1.7999999999999998
Denver Nuggets,40,2.07
Denver Nuggets,41,2.21
Denver Nuggets,42,2.62
Denver Nuggets,43,2.67
Denver Nuggets,44,3.25
Denver Nuggets,45,3.75
Denver Nuggets,46,4.31
Denver Nuggets,47,4.22
Denver Nuggets,48,4.2700000000000005
Denver Nuggets,49,4.51
Denver Nuggets,50,4.99
Denver Nuggets,51,5.13
Denver Nuggets,52,5.04
Denver Nuggets,53,4.9
Denver Nuggets,54,4.87
Denver Nuggets,55,4.78
Denver Nuggets,56,4.4799999999999995
Denver Nuggets,57,3.95
Denver Nuggets,58,3.66
Denver Nuggets,59,2.94
Denver Nuggets,60,2.6
Denver Nuggets,61,2.13
Denver Nuggets,62,1.9300000000000002
Denver Nuggets,63,1.79
Denver Nuggets,64,1.3
Denver Nuggets,65,1.1400000000000001
Denver Nuggets,66,0.8500000000000001
Denver Nuggets,67,0.49
Denver Nuggets,68,0.36
Denver Nuggets,69,0.38999999999999996
Denver Nuggets,70,0.2
Denver Nuggets,71,0.11
Denver Nuggets,72,0.01
Denver Nuggets,73,0.02
Denver Nuggets,75,0.01
Denver Nuggets,76,0.01
Cleveland Cavaliers,14,0.01
Cleveland Cavaliers,16,0.01
Cleveland Cavaliers,19,0.01
Cleveland Cavaliers,22,0.01
Cleveland Cavaliers,23,0.03
Cleveland Cavaliers,24,0.02
Cleveland Cavaliers,25,0.06999999999999999
Cleveland Cavaliers,26,0.1
Cleveland Cavaliers,27,0.13
Cleveland Cavaliers,28,0.16
Cleveland Cavaliers,29,0.27999999999999997
Cleveland Cavaliers,30,0.38999999999999996
Cleveland Cavaliers,31,0.44999999999999996
Cleveland Cavaliers,32,0.52
Cleveland Cavaliers,33,0.76
Cleveland Cavaliers,34,1.02
Cleveland Cavaliers,35,1.21
Cleveland Cavaliers,36,1.7000000000000002
Cleveland Cavaliers,37,1.72
Cleveland Cavaliers,38,1.95
Cleveland Cavaliers,39,2.45
Cleveland Cavaliers,40,2.62
Cleveland Cavaliers,41,2.88
Cleveland Cavaliers,42,3.71
Cleveland Cavaliers,43,3.62
Cleveland Cavaliers,44,3.9800000000000004
Cleveland Cavaliers,45,4.83
Cleveland Cavaliers,46,4.73
Cleveland Cavaliers,47,4.9399999999999995
Cleveland Cavaliers,48,4.82
Cleveland Cavaliers,49,5.1
Cleveland Cavaliers,50,5.0
Cleveland Cavaliers,51,4.54
Cleveland Cavaliers,52,4.8
Cleveland Cavaliers,53,4.29
Cleveland Cavaliers,54,3.82
Cleveland Cavaliers,55,3.5900000000000003
Cleveland Cavaliers,56,3.5000000000000004
Cleveland Cavaliers,57,3.2099999999999995
Cleveland Cavaliers,58,2.78
Cleveland Cavaliers,59,2.1999999999999997
Cleveland Cavaliers,60,1.79
Cleveland Cavaliers,61,1.5
Cleveland Cavaliers,62,1.1199999999999999
Cleveland Cavaliers,63,0.8999999999999999
Cleveland Cavaliers,64,0.79
Cleveland Cavaliers,65,0.66
Cleveland Cavaliers,66,0.45999999999999996
Cleveland Cavaliers,67,0.38
Cleveland Cavaliers,68,0.12
Cleveland Cavaliers,69,0.15
Cleveland Cavaliers,70,0.08
Cleveland Cavaliers,71,0.08
Cleveland Cavaliers,73,0.01
New York Knicks,19,0.03
New York Knicks,21,0.03
New York Knicks,22,0.04
New York Knicks,23,0.02
New York Knicks,24,0.09
New York Knicks,25,0.18
New York Knicks,26,0.15
New York Knicks,27,0.22999999999999998
New York Knicks,28,0.35000000000000003
New York Knicks,29,0.4
New York Knicks,30,0.5700000000000001
New York Knicks,31,0.8099999999999999
New York Knicks,32,0.98
New York Knicks,33,1.09
New York Knicks,34,1.48
New York Knicks,35,1.68
New York Knicks,36,2.0500000000000003
New York Knicks,37,2.13
New York Knicks,38,3.06
New York Knicks,39,3.0
New York Knicks,40,3.52
New York Knicks,41,3.49
New York Knicks,42,3.92
New York Knicks,43,4.17
New York Knicks,44,4.3
New York Knicks,45,4.77
New York Knicks,46,4.89
New York Knicks,47,5.11
New York Knicks,48,4.859999999999999
New York Knicks,49,4.33
New York Knicks,50,4.82
New York Knicks,51,4.43
New York Knicks,52,4.2
New York Knicks,53,4.1000000000000005
New York Knicks,54,3.3300000000000005
New York Knicks,55,2.83
New York Knicks,56,2.76
New York Knicks,57,2.62
New York Knicks,58,2.25
New York Knicks,59,1.6199999999999999
New York Knicks,60,1.35
New York Knicks,61,0.9900000000000001
New York Knicks,62,0.9400000000000001
New York Knicks,63,0.58
New York Knicks,64,0.48
New York Knicks,65,0.33
New York Knicks,66,0.18
New York Knicks,67,0.22999999999999998
New York Knicks,68,0.06999999999999999
New York Knicks,69,0.11
New York Knicks,70,0.02
New York Knicks,72,0.01
New York Knicks,73,0.01
New York Knicks,74,0.01
Philadelphia 76ers,16,0.01
Philadelphia 76ers,17,0.01
Philadelphia 76ers,20,0.02
Philadelphia 76ers,21,0.05
Philadelphia 76ers,22,0.04
Philadelphia 76ers,23,0.11
Philadelphia 76ers,24,0.08
Philadelphia 76ers,25,0.2
Philadelphia 76ers,26,0.13999999999999999
Philadelphia 76ers,27,0.27999999999999997
Philadelphia 76ers,28,0.33
Philadelphia 76ers,29,0.5599999999999999
Philadelphia 76ers,30,0.65
Philadelphia 76ers,31,0.73
Philadelphia 76ers,32,0.8699999999999999
Philadelphia 76ers,33,1.2
Philadelphia 76ers,34,1.17
Philadelphia 76ers,35,1.68
Philadelphia 76ers,36,2.34
Philadelphia 76ers,37,2.3
Philadelphia 76ers,38,2.68
Philadelphia 76ers,39,3.1
Philadelphia 76ers,40,3.09
Philadelphia 76ers,41,3.73
Philadelphia 76ers,42,3.93
Philadelphia 76ers,43,4.33
Philadelphia 76ers,44,4.6
Philadelphia 76ers,45,4.73
Philadelphia 76ers,46,4.8
Philadelphia 76ers,47,4.760000000000001
Philadelphia 76ers,48,4.88
Philadelphia 76ers,49,5.01
Philadelphia 76ers,50,4.6
Philadelphia 76ers,51,4.52
Philadelphia 76ers,52,4.31
Philadelphia 76ers,53,4.130000000000001
Philadelphia 76ers,54,3.9
Philadelphia 76ers,55,3.0
Philadelphia 76ers,56,2.64
Philadelphia 76ers,57,2.41
Philadelphia 76ers,58,1.51
Philadelphia 76ers,59,1.69
Philadelphia 76ers,60,1.32
Philadelphia 76ers,61,0.9299999999999999
Philadelphia 76ers,62,0.7100000000000001
Philadelphia 76ers,63,0.74
Philadelphia 76ers,64,0.33999999999999997
Philadelphia 76ers,65,0.31
Philadelphia 76ers,66,0.2
Philadelphia 76ers,67,0.12
Philadelphia 76ers,68,0.06
Philadelphia 76ers,69,0.04
Philadelphia 76ers,70,0.02
Philadelphia 76ers,71,0.05
Philadelphia 76ers,72,0.01
Philadelphia 76ers,73,0.01
Philadelphia 76ers,74,0.01
Philadelphia 76ers,75,0.01
Toronto Raptors,15,0.01
Toronto Raptors,17,0.01
Toronto Raptors,18,0.01
Toronto Raptors,20,0.04
Toronto Raptors,21,0.05
Toronto Raptors,22,0.02
Toronto Raptors,23,0.05
Toronto Raptors,24,0.1
Toronto Raptors,25,0.18
Toronto Raptors,26,0.26
Toronto Raptors,27,0.29
Toronto Raptors,28,0.37
Toronto Raptors,29,0.54
Toronto Raptors,30,0.65
Toronto Raptors,31,0.9400000000000001
Toronto Raptors,32,0.96
Toronto Raptors,33,1.28
Toronto Raptors,34,1.37
Toronto Raptors,35,1.29
Toronto Raptors,36,2.37
Toronto Raptors,37,2.45
Toronto Raptors,38,2.69
Toronto Raptors,39,3.2399999999999998
Toronto Raptors,40,3.34
Toronto Raptors,41,3.61
Toronto Raptors,42,3.88
Toronto Raptors,43,4.61
Toronto Raptors,44,4.3999999999999995
Toronto Raptors,45,4.83
Toronto Raptors,46,5.26
Toronto Raptors,47,4.75
Toronto Raptors,48,4.95
Toronto Raptors,49,4.6899999999999995
Toronto Raptors,50,4.760000000000001
Toronto Raptors,51,4.1000000000000005
Toronto Raptors,52,4.07
Toronto Raptors,53,3.7800000000000002
Toronto Raptors,54,3.5900000000000003
Toronto Raptors,55,3.1399999999999997
Toronto Raptors,56,2.2800000000000002
Toronto Raptors,57,2.5700000000000003
Toronto Raptors,58,2.11
Toronto Raptors,59,1.5699999999999998
Toronto Raptors,60,1.1900000000000002
Toronto Raptors,61,0.79
Toronto Raptors,62,0.8
Toronto Raptors,63,0.52
Toronto Raptors,64,0.33
Toronto Raptors,65,0.35000000000000003
Toronto Raptors,66,0.18
Toronto Raptors,67,0.13
Toronto Raptors,68,0.09
Toronto Raptors,69,0.08
Toronto Raptors,70,0.03
Toronto Raptors,71,0.02
Toronto Raptors,73,0.02
Toronto Raptors,74,0.01
Detroit Pistons,19,0.03
Detroit Pistons,20,0.01
Detroit Pistons,21,0.06
Detroit Pistons,22,0.03
Detroit Pistons,23,0.1
Detroit Pistons,24,0.16999999999999998
Detroit Pistons,25,0.21
Detroit Pistons,26,0.26
Detroit Pistons,27,0.35000000000000003
Detroit Pistons,28,0.43
Detroit Pistons,29,0.5499999999999999
Detroit Pistons,30,0.91
Detroit Pistons,31,1.09
Detroit Pistons,32,1.1900000000000002
Detroit Pistons,33,1.34
Detroit Pistons,34,1.68
Detroit Pistons,35,2.23
Detroit Pistons,36,2.74
Detroit Pistons,37,2.82
Detroit Pistons,38,3.1399999999999997
Detroit Pistons,39,3.4099999999999997
Detroit Pistons,40,3.8899999999999997
Detroit Pistons,41,4.390000000000001
Detroit Pistons,42,4.53
Detroit Pistons,43,4.41
Detroit Pistons,44,4.95
Detroit Pistons,45,4.569999999999999
Detroit Pistons,46,4.92
Detroit Pistons,47,4.61
Detroit Pistons,48,4.43
Detroit Pistons,49,4.63
Detroit Pistons,50,4.29
Detroit Pistons,51,3.7199999999999998
Detroit Pistons,52,3.85
Detroit Pistons,53,3.44
Detroit Pistons,54,3.1399999999999997
Detroit Pistons,55,2.59
Detroit Pistons,56,2.06
Detroit Pistons,57,1.9300000000000002
Detroit Pistons,58,1.6400000000000001
Detroit Pistons,59,1.4200000000000002
Detroit Pistons,60,0.97
Detroit Pistons,61,0.64
Detroit Pistons,62,0.54
Detroit Pistons,63,0.51
Detroit Pistons,64,0.42
Detroit Pistons,65,0.27
Detroit Pistons,66,0.18
Detroit Pistons,67,0.11
Detroit Pistons,68,0.05
Detroit Pistons,69,0.06
Detroit Pistons,70,0.06999999999999999
Detroit Pistons,71,0.01
Detroit Pistons,73,0.01
Orlando Magic,17,0.01
Orlando Magic,18,0.03
Orlando Magic,19,0.03
Orlando Magic,20,0.04
Orlando Magic,21,0.03
Orlando Magic,22,0.1
Orlando Magic,23,0.08
Orlando Magic,24,0.16999999999999998
Orlando Magic,25,0.33999999999999997
Orlando Magic,26,0.44
Orlando Magic,27,0.48
Orlando Magic,28,0.42
Orlando Magic,29,0.7100000000000001
Orlando Magic,30,0.8099999999999999
Orlando Magic,31,1.16
Orlando Magic,32,1.4000000000000001
Orlando Magic,33,1.7000000000000002
Orlando Magic,34,1.81
Orlando Magic,35,2.34
Orlando Magic,36,3.06
Orlando Magic,37,2.9000000000000004
Orlando Magic,38,3.1
Orlando Magic,39,3.5900000000000003
Orlando Magic,40,4.01
Orlando Magic,41,4.17
Orlando Magic,42,4.25
Orlando Magic,43,4.58
Orlando Magic,44,4.79
Orlando Magic,45,5.11
Orlando Magic,46,5.1499999999999995
Orlando Magic,47,4.45
Orlando Magic,48,4.37
Orlando Magic,49,4.49
Orlando Magic,50,4.38
Orlando Magic,51,3.7699999999999996
Orlando Magic,52,3.53
Orlando Magic,53,3.01
Orlando Magic,54,3.0300000000000002
Orlando Magic,55,2.53
Orlando Magic,56,2.2399999999999998
Orlando Magic,57,1.8800000000000001
Orlando Magic,58,1.51
Orlando Magic,59,1.0699999999999998
Orlando Magic,60,0.72
Orlando Magic,61,0.62
Orlando Magic,62,0.47000000000000003
Orlando Magic,63,0.37
Orlando Magic,64,0.21
Orlando Magic,65,0.26
Orlando Magic,66,0.08
Orlando Magic,67,0.1
Orlando Magic,68,0.06
Orlando Magic,69,0.03
Orlando Magic,70,0.01
Los Angeles Lakers,9,0.01
Los Angeles Lakers,14,0.01
Los Angeles Lakers,16,0.01
Los Angeles Lakers,17,0.01
Los Angeles Lakers,18,0.04
Los Angeles Lakers,19,0.04
Los Angeles Lakers,20,0.06
Los Angeles Lakers,21,0.13
Los Angeles Lakers,22,0.06999999999999999
Los Angeles Lakers,23,0.19
Los Angeles Lakers,24,0.16
Los Angeles Lakers,25,0.25
Los Angeles Lakers,26,0.3
Los Angeles Lakers,27,0.61
Los Angeles Lakers,28,0.83
Los Angeles Lakers,29,0.74
Los Angeles Lakers,30,1.11
Los Angeles Lakers,31,1.44
Los Angeles Lakers,32,1.79
Los Angeles Lakers,33,1.91
Los Angeles Lakers,34,2.09
Los Angeles Lakers,35,2.65
Los Angeles Lakers,36,3.0300000000000002
Los Angeles Lakers,37,2.73
Los Angeles Lakers,38,3.53
Los Angeles Lakers,39,3.94
Los Angeles Lakers,40,4.05
Los Angeles Lakers,41,4.2299999999999995
Los Angeles Lakers,42,4.68
Los Angeles Lakers,43,4.9799999999999995
Los Angeles Lakers,44,4.83
Los Angeles Lakers,45,4.88
Los Angeles Lakers,46,4.7
Los Angeles Lakers,47,4.43
Los Angeles Lakers,48,4.5600000000000005
Los Angeles Lakers,49,4.54
Los Angeles Lakers,50,4.17
Los Angeles Lakers,51,3.4299999999999997
Los Angeles Lakers,52,3.2
Los Angeles Lakers,53,2.78
Los Angeles Lakers,54,2.56
Los Angeles Lakers,55,1.9900000000000002
Los Angeles Lakers,56,1.78
Los Angeles Lakers,57,1.51
Los Angeles Lakers,58,1.29
Los Angeles Lakers,59,0.9199999999999999
Los Angeles Lakers,60,0.8699999999999999
Los Angeles Lakers,61,0.67
Los Angeles Lakers,62,0.44
Los Angeles Lakers,63,0.24
Los Angeles Lakers,64,0.22999999999999998
Los Angeles Lakers,65,0.12
Los Angeles Lakers,66,0.05
Los Angeles Lakers,67,0.06999999999999999
Los Angeles Lakers,68,0.04
Los Angeles Lakers,69,0.03
Los Angeles Lakers,70,0.03
Los Angeles Lakers,71,0.01
Los Angeles Lakers,72,0.01
Golden State Warriors,15,0.01
Golden State Warriors,18,0.04
Golden State Warriors,19,0.04
Golden State Warriors,20,0.04
Golden State Warriors,21,0.08
Golden State Warriors,22,0.12
Golden State Warriors,23,0.18
Golden State Warriors,24,0.19
Golden State Warriors,25,0.25
Golden State Warriors,26,0.38999999999999996
Golden State Warriors,27,0.5499999999999999
Golden State Warriors,28,0.7100000000000001
Golden State Warriors,29,0.8699999999999999
Golden State Warriors,30,0.98
Golden State Warriors,31,1.17
Golden State Warriors,32,1.5599999999999998
Golden State Warriors,33,1.79
Golden State Warriors,34,2.07
Golden State Warriors,35,2.48
Golden State Warriors,36,2.87
Golden State Warriors,37,2.98
Golden State Warriors,38,3.5999999999999996
Golden State Warriors,39,3.9699999999999998
Golden State Warriors,40,3.9699999999999998
Golden State Warriors,41,4.38
Golden State Warriors,42,4.07
Golden State Warriors,43,4.84
Golden State Warriors,44,4.6899999999999995
Golden State Warriors,45,5.0
Golden State Warriors,46,4.72
Golden State Warriors,47,4.78
Golden State Warriors,48,4.65
Golden State Warriors,49,4.29
Golden State Warriors,50,4.15
Golden State Warriors,51,3.75
Golden State Warriors,52,3.18
Golden State Warriors,53,3.4799999999999995
Golden State Warriors,54,2.8899999999999997
Golden State Warriors,55,2.13
Golden State Warriors,56,1.79
Golden State Warriors,57,1.3299999999999998
Golden State Warriors,58,1.22
Golden State Warriors,59,0.95
Golden State Warriors,60,0.7799999999999999
Golden State Warriors,61,0.6799999999999999
Golden State Warriors,62,0.48
Golden State Warriors,63,0.24
Golden State Warriors,64,0.2
Golden State Warriors,65,0.18
Golden State Warriors,66,0.06999999999999999
Golden State Warriors,67,0.09
Golden State Warriors,68,0.04
Golden State Warriors,69,0.03
Golden State Warriors,71,0.01
Portland Trail Blazers,14,0.02
Portland Trail Blazers,15,0.01
Portland Trail Blazers,17,0.02
Portland Trail Blazers,18,0.06999999999999999
Portland Trail Blazers,19,0.06
Portland Trail Blazers,20,0.06999999999999999
Portland Trail Blazers,21,0.15
Portland Trail Blazers,22,0.16
Portland Trail Blazers,23,0.18
Portland Trail Blazers,24,0.33999999999999997
Portland Trail Blazers,25,0.53
Portland Trail Blazers,26,0.58
Portland Trail Blazers,27,0.72
Portland Trail Blazers,28,1.1400000000000001
Portland Trail Blazers,29,1.39
Portland Trail Blazers,30,1.53
Portland Trail Blazers,31,1.8499999999999999
Portland Trail Blazers,32,2.17
Portland Trail Blazers,33,2.35
Portland Trail Blazers,34,2.5100000000000002
Portland Trail Blazers,35,3.16
Portland Trail Blazers,36,3.7199999999999998
Portland Trail Blazers,37,3.83
Portland Trail Blazers,38,4.01
Portland Trail Blazers,39,4.590000000000001
Portland Trail Blazers,40,4.84
Portland Trail Blazers,41,4.5600000000000005
Portland Trail Blazers,42,4.96
Portland Trail Blazers,43,4.83
Portland Trail Blazers,44,4.55
Portland Trail Blazers,45,4.89
Portland Trail Blazers,46,4.5
Portland Trail Blazers,47,4.36
Portland Trail Blazers,48,3.7800000000000002
Portland Trail Blazers,49,3.4099999999999997
Portland Trail Blazers,50,3.2
Portland Trail Blazers,51,2.75
Portland Trail Blazers,52,2.6599999999999997
Portland Trail Blazers,53,2.17
Portland Trail Blazers,54,1.87
Portland Trail Blazers,55,1.55
Portland Trail Blazers,56,1.43
Portland Trail Blazers,57,1.0
Portland Trail Blazers,58,0.8999999999999999
Portland Trail Blazers,59,0.72
Portland Trail Blazers,60,0.51
Portland Trail Blazers,61,0.52
Portland Trail Blazers,62,0.25
Portland Trail Blazers,63,0.24
Portland Trail Blazers,64,0.13999999999999999
Portland Trail Blazers,65,0.08
Portland Trail Blazers,66,0.05
Portland Trail Blazers,67,0.08
Portland Trail Blazers,68,0.02
Portland Trail Blazers,71,0.01
Portland Trail Blazers,73,0.01
Charlotte Hornets,11,0.01
Charlotte Hornets,15,0.02
Charlotte Hornets,16,0.02
Charlotte Hornets,17,0.04
Charlotte Hornets,18,0.01
Charlotte Hornets,19,0.04
Charlotte Hornets,20,0.06999999999999999
Charlotte Hornets,21,0.15
Charlotte Hornets,22,0.22
Charlotte Hornets,23,0.25
Charlotte Hornets,24,0.33
Charlotte Hornets,25,0.53
Charlotte Hornets,26,0.69
Charlotte Hornets,27,0.88
Charlotte Hornets,28,1.08
Charlotte Hornets,29,1.15
Charlotte Hornets,30,1.3599999999999999
Charlotte Hornets,31,1.7999999999999998
Charlotte Hornets,32,1.95
Charlotte Hornets,33,2.19
Charlotte Hornets,34,2.6599999999999997
Charlotte Hornets,35,3.32
Charlotte Hornets,36,3.1199999999999997
Charlotte Hornets,37,3.51
Charlotte Hornets,38,3.71
Charlotte Hornets,39,4.65
Charlotte Hornets,40,4.83
Charlotte Hornets,41,4.71
Charlotte Hornets,42,4.569999999999999
Charlotte Hornets,43,4.65
Charlotte Hornets,44,4.79
Charlotte Hornets,45,4.42
Charlotte Hornets,46,4.5
Charlotte Hornets,47,4.46
Charlotte Hornets,48,3.83
Charlotte Hornets,49,3.7699999999999996
Charlotte Hornets,50,3.2199999999999998
Charlotte Hornets,51,3.25
Charlotte Hornets,52,2.62
Charlotte Hornets,53,2.5100000000000002
Charlotte Hornets,54,2.33
Charlotte Hornets,55,1.91
Charlotte Hornets,56,1.49
Charlotte Hornets,57,1.16
Charlotte Hornets,58,0.8
Charlotte Hornets,59,0.61
Charlotte Hornets,60,0.48
Charlotte Hornets,61,0.38999999999999996
Charlotte Hornets,62,0.27
Charlotte Hornets,63,0.24
Charlotte Hornets,64,0.16999999999999998
Charlotte Hornets,65,0.06
Charlotte Hornets,66,0.1
Charlotte Hornets,67,0.03
Charlotte Hornets,68,0.01
Charlotte Hornets,69,0.01
Charlotte Hornets,70,0.02
Charlotte Hornets,71,0.02
Charlotte Hornets,72,0.01
Minnesota Timberwolves,16,0.02
Minnesota Timberwolves,17,0.01
Minnesota Timberwolves,18,0.08
Minnesota Timberwolves,19,0.06999999999999999
Minnesota Timberwolves,20,0.13
Minnesota Timberwolves,21,0.1
Minnesota Timberwolves,22,0.32
Minnesota Timberwolves,23,0.38999999999999996
Minnesota Timberwolves,24,0.44
Minnesota Timberwolves,25,0.64
Minnesota Timberwolves,26,0.76
Minnesota Timberwolves,27,0.98
Minnesota Timberwolves,28,1.06
Minnesota Timberwolves,29,1.3299999999999998
Minnesota Timberwolves,30,1.6500000000000001
Minnesota Timberwolves,31,2.1999999999999997
Minnesota Timberwolves,32,2.55
Minnesota Timberwolves,33,2.74
Minnesota Timberwolves,34,3.1
Minnesota Timberwolves,35,3.5999999999999996
Minnesota Timberwolves,36,3.81
Minnesota Timberwolves,37,3.82
Minnesota Timberwolves,38,4.35
Minnesota Timberwolves,39,4.91
Minnesota Timberwolves,40,4.46
Minnesota Timberwolves,41,4.73
Minnesota Timberwolves,42,5.19
Minnesota Timberwolves,43,4.93
Minnesota Timberwolves,44,4.55
Minnesota Timberwolves,45,4.33
Minnesota Timberwolves,46,4.1000000000000005
Minnesota Timberwolves,47,3.7800000000000002
Minnesota Timberwolves,48,3.8
Minnesota Timberwolves,49,3.4299999999999997
Minnesota Timberwolves,50,3.04
Minnesota Timberwolves,51,2.46
Minnesota Timberwolves,52,2.36
Minnesota Timberwolves,53,2.04
Minnesota Timberwolves,54,2.0
Minnesota Timberwolves,55,1.35
Minnesota Timberwolves,56,1.1900000000000002
Minnesota Timberwolves,57,0.9199999999999999
Minnesota Timberwolves,58,0.5700000000000001
Minnesota Timberwolves,59,0.43
Minnesota Timberwolves,60,0.33
Minnesota Timberwolves,61,0.33
Minnesota Timberwolves,62,0.27
Minnesota Timberwolves,63,0.09
Minnesota Timberwolves,64,0.12
Minnesota Timberwolves,65,0.06
Minnesota Timberwolves,66,0.04
Minnesota Timberwolves,67,0.02
Minnesota Timberwolves,68,0.02
Miami Heat,13,0.01
Miami Heat,14,0.01
Miami Heat,16,0.04
Miami Heat,17,0.02
Miami Heat,18,0.06999999999999999
Miami Heat,19,0.13
Miami Heat,20,0.16
Miami Heat,21,0.29
Miami Heat,22,0.27
Miami Heat,23,0.44
Miami Heat,24,0.5700000000000001
Miami Heat,25,0.5599999999999999
Miami Heat,26,0.96
Miami Heat,27,1.21
Miami Heat,28,1.49
Miami Heat,29,1.6500000000000001
Miami Heat,30,1.97
Miami Heat,31,2.5100000000000002
Miami Heat,32,2.64
Miami Heat,33,3.4299999999999997
Miami Heat,34,3.51
Miami Heat,35,3.71
Miami Heat,36,3.94
Miami Heat,37,4.19
Miami Heat,38,4.66
Miami Heat,39,4.74
Miami Heat,40,5.029999999999999
Miami Heat,41,4.6
Miami Heat,42,4.66
Miami Heat,43,4.859999999999999
Miami Heat,44,4.390000000000001
Miami Heat,45,4.17
Miami Heat,46,3.8699999999999997
Miami Heat,47,3.49
Miami Heat,48,3.39
Miami Heat,49,3.08
Miami Heat,50,2.63
Miami Heat,51,2.53
Miami Heat,52,2.26
Miami Heat,53,1.39
Miami Heat,54,1.37
Miami Heat,55,1.25
Miami Heat,56,0.9199999999999999
Miami Heat,57,0.77
Miami Heat,58,0.53
Miami Heat,59,0.52
Miami Heat,60,0.29
Miami Heat,61,0.3
Miami Heat,62,0.16999999999999998
Miami Heat,63,0.09
Miami Heat,64,0.13
Miami Heat,65,0.02
Miami Heat,66,0.03
Miami Heat,67,0.02
Miami Heat,68,0.02
Miami Heat,69,0.01
Miami Heat,70,0.02
Miami Heat,71,0.01
Phoenix Suns,14,0.02
Phoenix Suns,16,0.04
Phoenix Suns,17,0.09
Phoenix Suns,18,0.13
Phoenix Suns,19,0.12
Phoenix Suns,20,0.21
Phoenix Suns,21,0.37
Phoenix Suns,22,0.5499999999999999
Phoenix Suns,23,0.49
Phoenix Suns,24,0.7799999999999999
Phoenix Suns,25,0.8699999999999999
Phoenix Suns,26,1.06
Phoenix Suns,27,1.6199999999999999
Phoenix Suns,28,1.59
Phoenix Suns,29,2.0500000000000003
Phoenix Suns,30,2.15
Phoenix Suns,31,2.86
Phoenix Suns,32,2.88
Phoenix Suns,33,3.27
Phoenix Suns,34,3.64
Phoenix Suns,35,4.04
Phoenix Suns,36,3.6900000000000004
Phoenix Suns,37,4.130000000000001
Phoenix Suns,38,4.95
Phoenix Suns,39,4.72
Phoenix Suns,40,5.029999999999999
Phoenix Suns,41,4.8500000000000005
Phoenix Suns,42,4.82
Phoenix Suns,43,4.569999999999999
Phoenix Suns,44,4.21
Phoenix Suns,45,4.06
Phoenix Suns,46,3.91
Phoenix Suns,47,3.64
Phoenix Suns,48,2.79
Phoenix Suns,49,2.7199999999999998
Phoenix Suns,50,2.39
Phoenix Suns,51,2.34
Phoenix Suns,52,1.77
Phoenix Suns,53,1.54
Phoenix Suns,54,1.15
Phoenix Suns,55,0.95
Phoenix Suns,56,0.72
Phoenix Suns,57,0.67
Phoenix Suns,58,0.42
Phoenix Suns,59,0.29
Phoenix Suns,60,0.32
Phoenix Suns,61,0.19
Phoenix Suns,62,0.13
Phoenix Suns,63,0.08
Phoenix Suns,64,0.05
Phoenix Suns,65,0.03
Phoenix Suns,66,0.01
Phoenix Suns,68,0.03
Atlanta Hawks,9,0.01
Atlanta Hawks,14,0.02
Atlanta Hawks,15,0.01
Atlanta Hawks,16,0.06999999999999999
Atlanta Hawks,17,0.05
Atlanta Hawks,18,0.08
Atlanta Hawks,19,0.21
Atlanta Hawks,20,0.22999999999999998
Atlanta Hawks,21,0.43
Atlanta Hawks,22,0.42
Atlanta Hawks,23,0.51
Atlanta Hawks,24,0.7799999999999999
Atlanta Hawks,25,1.16
Atlanta Hawks,26,1.1900000000000002
Atlanta Hawks,27,1.4200000000000002
Atlanta Hawks,28,1.68
Atlanta Hawks,29,2.19
Atlanta Hawks,30,2.39
Atlanta Hawks,31,2.56
Atlanta Hawks,32,2.93
Atlanta Hawks,33,3.45
Atlanta Hawks,34,3.61
Atlanta Hawks,35,4.05
Atlanta Hawks,36,4.38
Atlanta Hawks,37,4.390000000000001
Atlanta Hawks,38,4.65
Atlanta Hawks,39,4.2700000000000005
Atlanta Hawks,40,4.91
Atlanta Hawks,41,4.65
Atlanta Hawks,42,4.26
Atlanta Hawks,43,4.81
Atlanta Hawks,44,4.390000000000001
Atlanta Hawks,45,4.42
Atlanta Hawks,46,3.4000000000000004
Atlanta Hawks,47,3.44
Atlanta Hawks,48,2.82
Atlanta Hawks,49,2.74
Atlanta Hawks,50,2.39
Atlanta Hawks,51,1.9
Atlanta Hawks,52,1.9
Atlanta Hawks,53,1.6
Atlanta Hawks,54,1.3
Atlanta Hawks,55,0.8699999999999999
Atlanta Hawks,56,0.88
Atlanta Hawks,57,0.5700000000000001
Atlanta Hawks,58,0.48
Atlanta Hawks,59,0.36
Atlanta Hawks,60,0.26
Atlanta Hawks,61,0.16999999999999998
Atlanta Hawks,62,0.1
Atlanta Hawks,63,0.08
Atlanta Hawks,64,0.02
Atlanta Hawks,65,0.08
Atlanta Hawks,66,0.02
Atlanta Hawks,67,0.01
Atlanta Hawks,68,0.01
Atlanta Hawks,69,0.01
Atlanta Hawks,71,0.01
Dallas Mavericks,7,0.01
Dallas Mavericks,11,0.01
Dallas Mavericks,13,0.03
Dallas Mavericks,14,0.02
Dallas Mavericks,15,0.01
Dallas Mavericks,16,0.06999999999999999
Dallas Mavericks,17,0.11
Dallas Mavericks,18,0.21
Dallas Mavericks,19,0.18
Dallas Mavericks,20,0.26
Dallas Mavericks,21,0.43
Dallas Mavericks,22,0.5700000000000001
Dallas Mavericks,23,0.8
Dallas Mavericks,24,1.15
Dallas Mavericks,25,1.34
Dallas Mavericks,26,1.6099999999999999
Dallas Mavericks,27,1.9
Dallas Mavericks,28,2.22
Dallas Mavericks,29,2.5100000000000002
Dallas Mavericks,30,2.79
Dallas Mavericks,31,3.3300000000000005
Dallas Mavericks,32,3.42
Dallas Mavericks,33,3.7600000000000002
Dallas Mavericks,34,4.44
Dallas Mavericks,35,4.38
Dallas Mavericks,36,4.49
Dallas Mavericks,37,4.79
Dallas Mavericks,38,4.6899999999999995
Dallas Mavericks,39,4.590000000000001
Dallas Mavericks,40,4.760000000000001
Dallas Mavericks,41,4.9
Dallas Mavericks,42,4.49
Dallas Mavericks,43,4.19
Dallas Mavericks,44,3.92
Dallas Mavericks,45,3.52
Dallas Mavericks,46,3.2399999999999998
Dallas Mavericks,47,3.1300000000000003
Dallas Mavericks,48,2.35
Dallas Mavericks,49,2.3
Dallas Mavericks,50,1.91
Dallas Mavericks,51,1.58
Dallas Mavericks,52,1.25
Dallas Mavericks,53,1.17
Dallas Mavericks,54,0.79
Dallas Mavericks,55,0.6799999999999999
Dallas Mavericks,56,0.45999999999999996
Dallas Mavericks,57,0.25
Dallas Mavericks,58,0.33999999999999997
Dallas Mavericks,59,0.16
Dallas Mavericks,60,0.15
Dallas Mavericks,61,0.13999999999999999
Dallas Mavericks,62,0.08
Dallas Mavericks,63,0.02
Dallas Mavericks,64,0.05
Dallas Mavericks,65,0.01
Dallas Mavericks,66,0.02
Dallas Mavericks,67,0.01
Dallas Mavericks,68,0.01
Indiana Pacers,10,0.03
Indiana Pacers,11,0.02
Indiana Pacers,12,0.05
Indiana Pacers,13,0.02
Indiana Pacers,14,0.1
Indiana Pacers,15,0.13
Indiana Pacers,16,0.25
Indiana Pacers,17,0.27
Indiana Pacers,18,0.32
Indiana Pacers,19,0.53
Indiana Pacers,20,0.5700000000000001
Indiana Pacers,21,0.65
Indiana Pacers,22,1.04
Indiana Pacers,23,1.1400000000000001
Indiana Pacers,24,1.66
Indiana Pacers,25,2.1999999999999997
Indiana Pacers,26,2.39
Indiana Pacers,27,2.98
Indiana Pacers,28,3.17
Indiana Pacers,29,3.49
Indiana Pacers,30,4.07
Indiana Pacers,31,4.03
Indiana Pacers,32,4.45
Indiana Pacers,33,4.4799999999999995
Indiana Pacers,34,4.67
Indiana Pacers,35,4.590000000000001
Indiana Pacers,36,4.9799999999999995
Indiana Pacers,37,4.89
Indiana Pacers,38,4.64
Indiana Pacers,39,4.25
Indiana Pacers,40,4.1000000000000005
Indiana Pacers,41,3.94
Indiana Pacers,42,3.94
Indiana Pacers,43,3.2300000000000004
Indiana Pacers,44,3.18
Indiana Pacers,45,2.59
Indiana Pacers,46,2.4299999999999997
Indiana Pacers,47,1.97
Indiana Pacers,48,1.63
Indiana Pacers,49,1.49
Indiana Pacers,50,1.38
Indiana Pacers,51,0.86
Indiana Pacers,52,0.84
Indiana Pacers,53,0.8500000000000001
Indiana Pacers,54,0.44999999999999996
Indiana Pacers,55,0.35000000000000003
Indiana Pacers,56,0.25
Indiana Pacers,57,0.16999999999999998
Indiana Pacers,58,0.1
Indiana Pacers,59,0.02
Indiana Pacers,60,0.05
Indiana Pacers,61,0.06
Indiana Pacers,62,0.03
Indiana Pacers,63,0.02
Indiana Pacers,65,0.01
New Orleans Pelicans,9,0.01
New Orleans Pelicans,10,0.02
New Orleans Pelicans,11,0.05
New Orleans Pelicans,12,0.06
New Orleans Pelicans,13,0.02
New Orleans Pelicans,14,0.13
New Orleans Pelicans,15,0.13999999999999999
New Orleans Pelicans,16,0.31
New Orleans Pelicans,17,0.36
New Orleans Pelicans,18,0.44999999999999996
New Orleans Pelicans,19,0.59
New Orleans Pelicans,20,0.83
New Orleans Pelicans,21,1.0
New Orleans Pelicans,22,1.39
New Orleans Pelicans,23,1.55
New Orleans Pelicans,24,1.83
New Orleans Pelicans,25,2.4699999999999998
New Orleans Pelicans,26,2.65
New Orleans Pelicans,27,3.2300000000000004
New Orleans Pelicans,28,3.2399999999999998
New Orleans Pelicans,29,3.74
New Orleans Pelicans,30,4.390000000000001
New Orleans Pelicans,31,4.32
New Orleans Pelicans,32,4.859999999999999
New Orleans Pelicans,33,4.74
New Orleans Pelicans,34,4.88
New Orleans Pelicans,35,4.51
New Orleans Pelicans,36,4.8
New Orleans Pelicans,37,5.01
New Orleans Pelicans,38,4.73
New Orleans Pelicans,39,4.2700000000000005
New Orleans Pelicans,40,3.9
New Orleans Pelicans,41,3.8899999999999997
New Orleans Pelicans,42,3.11
New Orleans Pelicans,43,2.93
New Orleans Pelicans,44,2.62
New Orleans Pelicans,45,2.2399999999999998
New Orleans Pelicans,46,2.1399999999999997
New Orleans Pelicans,47,2.08
New Orleans Pelicans,48,1.38
New Orleans Pelicans,49,1.0999999999999999
New Orleans Pelicans,50,0.9199999999999999
New Orleans Pelicans,51,0.77
New Orleans Pelicans,52,0.6
New Orleans Pelicans,53,0.51
New Orleans Pelicans,54,0.33
New Orleans Pelicans,55,0.33
New Orleans Pelicans,56,0.2
New Orleans Pelicans,57,0.04
New Orleans Pelicans,58,0.11
New Orleans Pelicans,59,0.12
New Orleans Pelicans,60,0.04
New Orleans Pelicans,61,0.03
New Orleans Pelicans,62,0.02
New Orleans Pelicans,66,0.01
Chicago Bulls,7,0.01
Chicago Bulls,8,0.01
Chicago Bulls,10,0.02
Chicago Bulls,11,0.05
Chicago Bulls,12,0.11
Chicago Bulls,13,0.21
Chicago Bulls,14,0.19
Chicago Bulls,15,0.33
Chicago Bulls,16,0.43
Chicago Bulls,17,0.59
Chicago Bulls,18,0.77
Chicago Bulls,19,1.17
Chicago Bulls,20,1.23
Chicago Bulls,21,1.58
Chicago Bulls,22,2.01
Chicago Bulls,23,2.36
Chicago Bulls,24,3.0300000000000002
Chicago Bulls,25,3.18
Chicago Bulls,26,3.3099999999999996
Chicago Bulls,27,3.7199999999999998
Chicago Bulls,28,4.18
Chicago Bulls,29,4.61
Chicago Bulls,30,4.84
Chicago Bulls,31,5.01
Chicago Bulls,32,4.71
Chicago Bulls,33,4.83
Chicago Bulls,34,4.79
Chicago Bulls,35,4.75
Chicago Bulls,36,4.46
Chicago Bulls,37,4.46
Chicago Bulls,38,3.85
Chicago Bulls,39,3.82
Chicago Bulls,40,3.4000000000000004
Chicago Bulls,41,2.97
Chicago Bulls,42,2.78
Chicago Bulls,43,2.27
Chicago Bulls,44,2.0
Chicago Bulls,45,1.6199999999999999
Chicago Bulls,46,1.53
Chicago Bulls,47,1.08
Chicago Bulls,48,0.91
Chicago Bulls,49,0.7799999999999999
Chicago Bulls,50,0.48
Chicago Bulls,51,0.45999999999999996
Chicago Bulls,52,0.27999999999999997
Chicago Bulls,53,0.25
Chicago Bulls,54,0.18
Chicago Bulls,55,0.11
Chicago Bulls,56,0.09
Chicago Bulls,57,0.06999999999999999
Chicago Bulls,58,0.04
Chicago Bulls,59,0.03
Chicago Bulls,60,0.02
Chicago Bulls,61,0.01
Chicago Bulls,62,0.01
Chicago Bulls,63,0.01
LA Clippers,7,0.02
LA Clippers,8,0.01
LA Clippers,9,0.01
LA Clippers,10,0.06
LA Clippers,11,0.06999999999999999
LA Clippers,12,0.1
LA Clippers,13,0.13999999999999999
LA Clippers,14,0.19
LA Clippers,15,0.43
LA Clippers,16,0.49
LA Clippers,17,0.65
LA Clippers,18,1.0
LA Clippers,19,1.2
LA Clippers,20,1.54
LA Clippers,21,1.69
LA Clippers,22,2.44
LA Clippers,23,2.82
LA Clippers,24,2.9499999999999997
LA Clippers,25,3.46
LA Clippers,26,4.08
LA Clippers,27,4.109999999999999
LA Clippers,28,4.4799999999999995
LA Clippers,29,4.6899999999999995
LA Clippers,30,4.81
LA Clippers,31,4.83
LA Clippers,32,5.01
LA Clippers,33,4.92
LA Clippers,34,4.78
LA Clippers,35,4.71
LA Clippers,36,4.81
LA Clippers,37,3.82
LA Clippers,38,3.82
LA Clippers,39,3.2199999999999998
LA Clippers,40,3.38
LA Clippers,41,2.58
LA Clippers,42,2.64
LA Clippers,43,2.04
LA Clippers,44,1.76
LA Clippers,45,1.37
LA Clippers,46,1.0999999999999999
LA Clippers,47,0.86
LA Clippers,48,0.75
LA Clippers,49,0.5599999999999999
LA Clippers,50,0.43
LA Clippers,51,0.29
LA Clippers,52,0.26
LA Clippers,53,0.16
LA Clippers,54,0.15
LA Clippers,55,0.13
LA Clippers,56,0.06999999999999999
LA Clippers,57,0.05
LA Clippers,59,0.03
LA Clippers,60,0.01
LA Clippers,62,0.02
Milwaukee Bucks,7,0.01
Milwaukee Bucks,8,0.02
Milwaukee Bucks,10,0.02
Milwaukee Bucks,11,0.1
Milwaukee Bucks,12,0.1
Milwaukee Bucks,13,0.21
Milwaukee Bucks,14,0.22999999999999998
Milwaukee Bucks,15,0.44999999999999996
Milwaukee Bucks,16,0.5
Milwaukee Bucks,17,0.58
Milwaukee Bucks,18,1.09
Milwaukee Bucks,19,1.3299999999999998
Milwaukee Bucks,20,1.59
Milwaukee Bucks,21,1.9900000000000002
Milwaukee Bucks,22,2.46
Milwaukee Bucks,23,2.7
Milwaukee Bucks,24,2.96
Milwaukee Bucks,25,3.6900000000000004
Milwaukee Bucks,26,3.95
Milwaukee Bucks,27,4.47
Milwaukee Bucks,28,4.64
Milwaukee Bucks,29,4.9799999999999995
Milwaukee Bucks,30,4.91
Milwaukee Bucks,31,4.91
Milwaukee Bucks,32,5.55
Milwaukee Bucks,33,4.87
Milwaukee Bucks,34,4.24
Milwaukee Bucks,35,4.73
Milwaukee Bucks,36,4.42
Milwaukee Bucks,37,3.9
Milwaukee Bucks,38,3.73
Milwaukee Bucks,39,3.3000000000000003
Milwaukee Bucks,40,2.94
Milwaukee Bucks,41,2.76
Milwaukee Bucks,42,1.97
Milwaukee Bucks,43,1.9800000000000002
Milwaukee Bucks,44,1.63
Milwaukee Bucks,45,1.1900000000000002
Milwaukee Bucks,46,1.1199999999999999
Milwaukee Bucks,47,1.0
Milwaukee Bucks,48,0.84
Milwaukee Bucks,49,0.52
Milwaukee Bucks,50,0.38999999999999996
Milwaukee Bucks,51,0.26
Milwaukee Bucks,52,0.27
Milwaukee Bucks,53,0.15
Milwaukee Bucks,54,0.12
Milwaukee Bucks,55,0.05
Milwaukee Bucks,56,0.03
Milwaukee Bucks,57,0.05
Milwaukee Bucks,58,0.06
Milwaukee Bucks,59,0.01
Milwaukee Bucks,60,0.01
Milwaukee Bucks,62,0.01
Milwaukee Bucks,63,0.01
Memphis Grizzlies,8,0.05
Memphis Grizzlies,9,0.02
Memphis Grizzlies,10,0.01
Memphis Grizzlies,11,0.11
Memphis Grizzlies,12,0.19
Memphis Grizzlies,13,0.37
Memphis Grizzlies,14,0.33
Memphis Grizzlies,15,0.5599999999999999
Memphis Grizzlies,16,0.9900000000000001
Memphis Grizzlies,17,1.09
Memphis Grizzlies,18,1.2
Memphis Grizzlies,19,1.78
Memphis Grizzlies,20,2.15
Memphis Grizzlies,21,2.62
Memphis Grizzlies,22,3.01
Memphis Grizzlies,23,3.46
Memphis Grizzlies,24,3.63
Memphis Grizzlies,25,4.16
Memphis Grizzlies,26,4.77
Memphis Grizzlies,27,4.279999999999999
Memphis Grizzlies,28,4.58
Memphis Grizzlies,29,4.8500000000000005
Memphis Grizzlies,30,4.72
Memphis Grizzlies,31,5.1499999999999995
Memphis Grizzlies,32,4.93
Memphis Grizzlies,33,4.8
Memphis Grizzlies,34,4.18
Memphis Grizzlies,35,4.18
Memphis Grizzlies,36,3.7600000000000002
Memphis Grizzlies,37,3.38
Memphis Grizzlies,38,3.32
Memphis Grizzlies,39,2.8400000000000003
Memphis Grizzlies,40,2.48
Memphis Grizzlies,41,2.2399999999999998
Memphis Grizzlies,42,2.01
Memphis Grizzlies,43,1.6099999999999999
Memphis Grizzlies,44,1.52
Memphis Grizzlies,45,0.9199999999999999
Memphis Grizzlies,46,0.91
Memphis Grizzlies,47,0.65
Memphis Grizzlies,48,0.66
Memphis Grizzlies,49,0.44999999999999996
Memphis Grizzlies,50,0.3
Memphis Grizzlies,51,0.19
Memphis Grizzlies,52,0.21
Memphis Grizzlies,53,0.1
Memphis Grizzlies,54,0.03
Memphis Grizzlies,55,0.08
Memphis Grizzlies,56,0.1
Memphis Grizzlies,57,0.02
Memphis Grizzlies,58,0.02
Memphis Grizzlies,60,0.01
Memphis Grizzlies,64,0.01
Memphis Grizzlies,66,0.01
Utah Jazz,5,0.01
Utah Jazz,7,0.01
Utah Jazz,8,0.02
Utah Jazz,9,0.06
Utah Jazz,10,0.13
Utah Jazz,11,0.15
Utah Jazz,12,0.18
Utah Jazz,13,0.33999999999999997
Utah Jazz,14,0.5599999999999999
Utah Jazz,15,0.83
Utah Jazz,16,1.02
Utah Jazz,17,1.21
Utah Jazz,18,1.4500000000000002
Utah Jazz,19,2.06
Utah Jazz,20,2.22
Utah Jazz,21,2.83
Utah Jazz,22,3.1300000000000003
Utah Jazz,23,3.56
Utah Jazz,24,4.2299999999999995
Utah Jazz,25,4.36
Utah Jazz,26,4.55
Utah Jazz,27,4.83
Utah Jazz,28,5.07
Utah Jazz,29,5.3
Utah Jazz,30,5.08
Utah Jazz,31,4.97
Utah Jazz,32,4.8
Utah Jazz,33,4.92
Utah Jazz,34,4.31
Utah Jazz,35,3.64
Utah Jazz,36,3.53
Utah Jazz,37,3.2199999999999998
Utah Jazz,38,2.76
Utah Jazz,39,2.3800000000000003
Utah Jazz,40,2.3800000000000003
Utah Jazz,41,1.78
Utah Jazz,42,1.69
Utah Jazz,43,1.4500000000000002
Utah Jazz,44,1.28
Utah Jazz,45,0.79
Utah Jazz,46,0.6
Utah Jazz,47,0.65
Utah Jazz,48,0.33999999999999997
Utah Jazz,49,0.4
Utah Jazz,50,0.33999999999999997
Utah Jazz,51,0.18
Utah Jazz,52,0.12
Utah Jazz,53,0.12
Utah Jazz,54,0.04
Utah Jazz,55,0.02
Utah Jazz,56,0.03
Utah Jazz,57,0.03
Utah Jazz,58,0.02
Utah Jazz,60,0.01
Utah Jazz,62,0.01
Brooklyn Nets,4,0.01
Brooklyn Nets,6,0.01
Brooklyn Nets,7,0.06999999999999999
Brooklyn Nets,8,0.12
Brooklyn Nets,9,0.16
Brooklyn Nets,10,0.27999999999999997
Brooklyn Nets,11,0.41000000000000003
Brooklyn Nets,12,0.64
Brooklyn Nets,13,0.83
Brooklyn Nets,14,0.98
Brooklyn Nets,15,1.38
Brooklyn Nets,16,2.02
Brooklyn Nets,17,2.1399999999999997
Brooklyn Nets,18,2.55
Brooklyn Nets,19,3.45
Brooklyn Nets,20,3.81
Brooklyn Nets,21,4.2
Brooklyn Nets,22,4.73
Brooklyn Nets,23,4.62
Brooklyn Nets,24,5.029999999999999
Brooklyn Nets,25,5.1499999999999995
Brooklyn Nets,26,5.140000000000001
Brooklyn Nets,27,5.140000000000001
Brooklyn Nets,28,4.91
Brooklyn Nets,29,5.220000000000001
Brooklyn Nets,30,4.61
Brooklyn Nets,31,4.760000000000001
Brooklyn Nets,32,3.74
Brooklyn Nets,33,3.7800000000000002
Brooklyn Nets,34,3.3099999999999996
Brooklyn Nets,35,2.81
Brooklyn Nets,36,2.44
Brooklyn Nets,37,2.1
Brooklyn Nets,38,1.9
Brooklyn Nets,39,1.5699999999999998
Brooklyn Nets,40,1.01
Brooklyn Nets,41,1.09
Brooklyn Nets,42,1.02
Brooklyn Nets,43,0.67
Brooklyn Nets,44,0.63
Brooklyn Nets,45,0.44
Brooklyn Nets,46,0.3
Brooklyn Nets,47,0.16999999999999998
Brooklyn Nets,48,0.18
Brooklyn Nets,49,0.18
Brooklyn Nets,50,0.04
Brooklyn Nets,51,0.12
Brooklyn Nets,52,0.04
Brooklyn Nets,53,0.03
Brooklyn Nets,54,0.01
Brooklyn Nets,55,0.01
Brooklyn Nets,56,0.02
Brooklyn Nets,58,0.01
Brooklyn Nets,60,0.01
Washington Wizards,3,0.01
Washington Wizards,6,0.04
Washington Wizards,7,0.04
Washington Wizards,8,0.13
Washington Wizards,9,0.11
Washington Wizards,10,0.27
Washington Wizards,11,0.32
Washington Wizards,12,0.54
Washington Wizards,13,0.72
Washington Wizards,14,1.06
Washington Wizards,15,1.51
Washington Wizards,16,1.8399999999999999
Washington Wizards,17,2.35
Washington Wizards,18,2.7
Washington Wizards,19,3.2199999999999998
Washington Wizards,20,3.66
Washington Wizards,21,3.7800000000000002
Washington Wizards,22,4.16
Washington Wizards,23,5.16
Washington Wizards,24,5.16
Washington Wizards,25,4.95
Washington Wizards,26,4.760000000000001
Washington Wizards,27,5.24
Washington Wizards,28,4.859999999999999
Washington Wizards,29,5.0200000000000005
Washington Wizards,30,4.73
Washington Wizards,31,4.63
Washington Wizards,32,4.09
Washington Wizards,33,3.81
Washington Wizards,34,3.47
Washington Wizards,35,3.1
Washington Wizards,36,2.5100000000000002
Washington Wizards,37,2.4699999999999998
Washington Wizards,38,2.02
Washington Wizards,39,1.63
Washington Wizards,40,1.5699999999999998
Washington Wizards,41,0.8999999999999999
Washington Wizards,42,0.79
Washington Wizards,43,0.65
Washington Wizards,44,0.5599999999999999
Washington Wizards,45,0.27999999999999997
Washington Wizards,46,0.31
Washington Wizards,47,0.22999999999999998
Washington Wizards,48,0.19
Washington Wizards,49,0.13
Washington Wizards,50,0.09
Washington Wizards,51,0.06999999999999999
Washington Wizards,52,0.05
Washington Wizards,53,0.03
Washington Wizards,54,0.02
Washington Wizards,55,0.02
Washington Wizards,57,0.02
Washington Wizards,58,0.01
Washington Wizards,60,0.01
Sacramento Kings,2,0.01
Sacramento Kings,5,0.04
Sacramento Kings,6,0.03
Sacramento Kings,7,0.12
Sacramento Kings,8,0.19
Sacramento Kings,9,0.4
Sacramento Kings,10,0.54
Sacramento Kings,11,0.86
Sacramento Kings,12,1.21
Sacramento Kings,13,1.52
Sacramento Kings,14,2.11
Sacramento Kings,15,2.33
Sacramento Kings,16,2.9899999999999998
Sacramento Kings,17,3.7900000000000005
Sacramento Kings,18,3.93
Sacramento Kings,19,4.91
Sacramento Kings,20,4.5600000000000005
Sacramento Kings,21,5.1
Sacramento Kings,22,5.390000000000001
Sacramento Kings,23,5.27
Sacramento Kings,24,5.56
Sacramento Kings,25,5.21
Sacramento Kings,26,5.050000000000001
Sacramento Kings,27,4.95
Sacramento Kings,28,4.49
Sacramento Kings,29,4.109999999999999
Sacramento Kings,30,3.7600000000000002
Sacramento Kings,31,3.49
Sacramento Kings,32,2.9899999999999998
Sacramento Kings,33,2.65
Sacramento Kings,34,2.53
Sacramento Kings,35,1.95
Sacramento Kings,36,1.53
Sacramento Kings,37,1.49
Sacramento Kings,38,1.15
Sacramento Kings,39,0.84
Sacramento Kings,40,0.7100000000000001
Sacramento Kings,41,0.67
Sacramento Kings,42,0.45999999999999996
Sacramento Kings,43,0.31
Sacramento Kings,44,0.22
Sacramento Kings,45,0.13999999999999999
Sacramento Kings,46,0.11
Sacramento Kings,47,0.11
Sacramento Kings,48,0.15
Sacramento Kings,49,0.01
Sacramento Kings,50,0.04
Sacramento Kings,51,0.01
Sacramento Kings,56,0.01
